,Data Scientist,Database Administrator,Data Engineer,Business Analyst,Data Architect,Product Manager,Data Analyst
0,0.8888888888888888,0.0,0.125,0.02631578947368421,0.09090909090909091,0.046875,0.1896551724137931
1,0.0,0.7164179104477612,0.125,0.039473684210526314,0.15151515151515152,0.0,0.06896551724137931
2,0.018518518518518517,0.029850746268656716,0.425,0.0,0.09090909090909091,0.015625,0.034482758620689655
3,0.018518518518518517,0.08955223880597014,0.125,0.7894736842105263,0.12121212121212122,0.078125,0.25862068965517243
4,0.018518518518518517,0.04477611940298507,0.05,0.0,0.36363636363636365,0.0,0.017241379310344827
5,0.037037037037037035,0.07462686567164178,0.125,0.07894736842105263,0.12121212121212122,0.828125,0.0
6,0.018518518518518517,0.04477611940298507,0.025,0.06578947368421052,0.06060606060606061,0.03125,0.43103448275862066
