,Product Manager,Data Engineer,Data Scientist,Business Analyst,Database Administrator
0,0.9142857142857143,0.14285714285714285,0.04081632653061224,0.04938271604938271,0.05084745762711865
1,0.02857142857142857,0.4523809523809524,0.04081632653061224,0.0,0.05084745762711865
2,0.0,0.11904761904761904,0.8367346938775511,0.037037037037037035,0.01694915254237288
3,0.04285714285714286,0.07142857142857142,0.08163265306122448,0.8641975308641975,0.1694915254237288
4,0.014285714285714285,0.21428571428571427,0.0,0.04938271604938271,0.711864406779661
