,Data Engineer,Data Analyst,Data Scientist,Product Manager,Business Analyst,Database Administrator,Data Architect
0,0.35,0.0,0.0425531914893617,0.0,0.0,0.0,0.03333333333333333
1,0.075,0.4603174603174603,0.0425531914893617,0.01639344262295082,0.07865168539325842,0.03278688524590164,0.03333333333333333
2,0.275,0.14285714285714285,0.851063829787234,0.01639344262295082,0.02247191011235955,0.01639344262295082,0.1
3,0.175,0.07936507936507936,0.02127659574468085,0.9016393442622951,0.0898876404494382,0.04918032786885246,0.06666666666666667
4,0.05,0.23809523809523808,0.02127659574468085,0.04918032786885246,0.7528089887640449,0.13114754098360656,0.13333333333333333
5,0.025,0.047619047619047616,0.02127659574468085,0.01639344262295082,0.0449438202247191,0.7377049180327869,0.0
6,0.05,0.031746031746031744,0.0,0.0,0.011235955056179775,0.03278688524590164,0.6333333333333333
