,Data Analyst,Data Architect,Database Administrator,Data Engineer,Product Manager,Business Analyst,Data Scientist
0,0.3584905660377358,0.08333333333333333,0.03389830508474576,0.08823529411764706,0.04054054054054054,0.05194805194805195,0.06896551724137931
1,0.018867924528301886,0.6111111111111112,0.05084745762711865,0.058823529411764705,0.0,0.012987012987012988,0.0
2,0.05660377358490566,0.0,0.7288135593220338,0.029411764705882353,0.02702702702702703,0.03896103896103896,0.017241379310344827
3,0.018867924528301886,0.05555555555555555,0.06779661016949153,0.38235294117647056,0.0,0.0,0.017241379310344827
4,0.07547169811320754,0.08333333333333333,0.01694915254237288,0.029411764705882353,0.8918918918918919,0.03896103896103896,0.08620689655172414
5,0.3584905660377358,0.1111111111111111,0.1016949152542373,0.029411764705882353,0.04054054054054054,0.8311688311688312,0.10344827586206896
6,0.11320754716981132,0.05555555555555555,0.0,0.38235294117647056,0.0,0.025974025974025976,0.7068965517241379
